{"cameraMode":{"drawMode":0,"name":"Shaded","section":"Shading Mode"},"sceneLighting":false,"audioPlay":false,"sceneViewState":{"m_AlwaysRefresh":false,"showFog":true,"showSkybox":false,"showFlares":true,"showImageEffects":true,"showParticleSystems":true,"showVisualEffectGraphs":true,"m_FxEnabled":true},"in2DMode":false,"pivot":{"x":0.00001430511474609375,"y":0.21872186660766602,"z":-8.365163803100586},"rotation":{"x":0.09097979962825775,"y":0.7163429260253906,"z":-0.09510981291532517,"w":0.6852256655693054},"size":8.66025447845459,"orthographic":false}