{"cameraMode":{"drawMode":0,"name":"Shaded","section":"Shading Mode"},"sceneLighting":true,"audioPlay":false,"sceneViewState":{"m_AlwaysRefresh":true,"showFog":true,"showSkybox":true,"showFlares":true,"showImageEffects":true,"showParticleSystems":true,"showVisualEffectGraphs":true,"m_FxEnabled":true},"in2DMode":false,"pivot":{"x":0.000014781951904296875,"y":16.318450927734376,"z":-9.389017105102539},"rotation":{"x":-0.45283788442611697,"y":-0.30546942353248598,"z":0.1685921847820282,"w":-0.8204898238182068},"size":18.575647354125978,"orthographic":false}