{"cameraMode":{"drawMode":0,"name":"Shaded","section":"Shading Mode"},"sceneLighting":false,"audioPlay":false,"sceneViewState":{"showFog":true,"showMaterialUpdate":false,"showSkybox":true,"showFlares":true,"showImageEffects":true,"showParticleSystems":true},"in2DMode":false,"pivot":{"x":-5.075019836425781,"y":7.434455394744873,"z":-12.313593864440918},"rotation":{"x":0.05634012073278427,"y":-0.9429110288619995,"z":0.25064313411712649,"w":0.2119496911764145},"size":34.26708221435547,"orthographic":false}