{"cameraMode":{"drawMode":0,"name":"Shaded","section":"Shading Mode"},"sceneLighting":false,"audioPlay":false,"sceneViewState":{"showFog":true,"showMaterialUpdate":true,"showSkybox":true,"showFlares":true,"showImageEffects":true,"showParticleSystems":true},"in2DMode":false,"pivot":{"x":0.000007212162017822266,"y":0.10936093330383301,"z":-4.182581901550293},"rotation":{"x":-0.09977902472019196,"y":0.8639099597930908,"z":-0.18901707231998444,"w":-0.4560442566871643},"size":22.545001983642579,"orthographic":true}