{"cameraMode":{"drawMode":0,"name":"Shaded","section":"Shading Mode"},"sceneLighting":false,"audioPlay":false,"sceneViewState":{"showFog":true,"showMaterialUpdate":true,"showSkybox":true,"showFlares":true,"showImageEffects":true,"showParticleSystems":true},"in2DMode":false,"pivot":{"x":11.702094078063965,"y":0.07800006866455078,"z":-2.109755516052246},"rotation":{"x":-0.2444394826889038,"y":-0.4963862895965576,"z":0.14801380038261414,"w":-0.8197206854820252},"size":25.948314666748048,"orthographic":true}