{"cameraMode":{"drawMode":0,"name":"Shaded","section":"Shading Mode"},"sceneLighting":false,"audioPlay":false,"sceneViewState":{"showFog":true,"showMaterialUpdate":true,"showSkybox":false,"showFlares":true,"showImageEffects":true,"showParticleSystems":true},"in2DMode":false,"pivot":{"x":-62.286231994628909,"y":289.856201171875,"z":-239.9718780517578},"rotation":{"x":-0.45592063665390017,"y":-0.0868636816740036,"z":0.04480724781751633,"w":-0.8846374154090881},"size":787.7694702148438,"orthographic":true}