{"cameraMode":{"drawMode":0,"name":"Shaded","section":"Shading Mode"},"sceneLighting":false,"audioPlay":false,"sceneViewState":{"showFog":true,"showMaterialUpdate":true,"showSkybox":true,"showFlares":true,"showImageEffects":true,"showParticleSystems":true},"in2DMode":false,"pivot":{"x":-30.665040969848634,"y":-23.669464111328126,"z":-83.04351806640625},"rotation":{"x":-0.025891855359077455,"y":0.9653303027153015,"z":-0.23746207356452943,"w":-0.10525637865066529},"size":141.5074462890625,"orthographic":false}