{"cameraMode":{"drawMode":0,"name":"Shaded","section":"Shading Mode"},"sceneLighting":false,"audioPlay":false,"sceneViewState":{"showFog":true,"showMaterialUpdate":true,"showSkybox":true,"showFlares":true,"showImageEffects":true,"showParticleSystems":true},"in2DMode":false,"pivot":{"x":57.4683952331543,"y":-45.98621368408203,"z":1.1072803735733033},"rotation":{"x":-0.28632667660713198,"y":-0.007186146918684244,"z":0.0021474093664437534,"w":-0.9581027626991272},"size":316.5396423339844,"orthographic":false}