{"cameraMode":{"drawMode":0,"name":"Shaded","section":"Shading Mode"},"sceneLighting":false,"audioPlay":false,"sceneViewState":{"showFog":true,"showMaterialUpdate":true,"showSkybox":true,"showFlares":true,"showImageEffects":true,"showParticleSystems":true},"in2DMode":false,"pivot":{"x":0.07705307006835938,"y":56.70009994506836,"z":0.04187774658203125},"rotation":{"x":0.2461143285036087,"y":0.04940567910671234,"z":-0.012562720105051995,"w":0.9678993225097656},"size":241.6243438720703,"orthographic":true}