{"cameraMode":{"drawMode":0,"name":"Shaded","section":"Shading Mode"},"sceneLighting":false,"audioPlay":false,"sceneViewState":{"showFog":true,"showMaterialUpdate":true,"showSkybox":true,"showFlares":true,"showImageEffects":true,"showParticleSystems":true},"in2DMode":false,"pivot":{"x":-295.7669372558594,"y":104.48027038574219,"z":1467.2703857421875},"rotation":{"x":0.004430860746651888,"y":-0.17459875345230103,"z":-0.0007856994052417576,"w":-0.9846294522285461},"size":156.25155639648438,"orthographic":false}