{"cameraMode":{"drawMode":0,"name":"Shaded","section":"Shading Mode"},"sceneLighting":false,"audioPlay":false,"sceneViewState":{"showFog":true,"showMaterialUpdate":true,"showSkybox":false,"showFlares":true,"showImageEffects":true,"showParticleSystems":true},"in2DMode":false,"pivot":{"x":-174.36724853515626,"y":-74.0690689086914,"z":-60.34305953979492},"rotation":{"x":0.20100942254066468,"y":-0.6534402370452881,"z":0.18613319098949433,"w":0.705666720867157},"size":609.287109375,"orthographic":false}