{"cameraMode":{"drawMode":0,"name":"Shaded","section":"Shading Mode"},"sceneLighting":false,"audioPlay":false,"sceneViewState":{"showFog":true,"showMaterialUpdate":true,"showSkybox":true,"showFlares":true,"showImageEffects":true,"showParticleSystems":true},"in2DMode":false,"pivot":{"x":6.987226486206055,"y":-16.667049407958986,"z":-78.09904479980469},"rotation":{"x":0.010220091789960862,"y":-0.9804784059524536,"z":0.1890740543603897,"w":0.052997201681137088},"size":117.36062622070313,"orthographic":false}