{"cameraMode":{"drawMode":0,"name":"Shaded","section":"Shading Mode"},"sceneLighting":false,"audioPlay":false,"sceneViewState":{"showFog":true,"showMaterialUpdate":true,"showSkybox":true,"showFlares":true,"showImageEffects":true,"showParticleSystems":true},"in2DMode":false,"pivot":{"x":0.0000152587890625,"y":50.00000762939453,"z":12.099994659423829},"rotation":{"x":-0.15918169915676118,"y":0.5398352742195129,"z":-0.10470137745141983,"w":-0.8199247717857361},"size":301.2420959472656,"orthographic":true}