{"cameraMode":{"drawMode":0,"name":"Shaded","section":"Shading Mode"},"sceneLighting":false,"audioPlay":false,"sceneViewState":{"showFog":true,"showMaterialUpdate":true,"showSkybox":true,"showFlares":true,"showImageEffects":true,"showParticleSystems":true},"in2DMode":false,"pivot":{"x":-1.799985408782959,"y":0.21872174739837647,"z":-9.149999618530274},"rotation":{"x":0.19930073618888856,"y":0.05787821486592293,"z":-0.011792747303843499,"w":0.978156566619873},"size":14.78109073638916,"orthographic":false}