{"cameraMode":{"drawMode":0,"name":"Shaded","section":"Shading Mode"},"sceneLighting":false,"audioPlay":false,"sceneViewState":{"showFog":true,"showMaterialUpdate":true,"showSkybox":true,"showFlares":true,"showImageEffects":true,"showParticleSystems":true},"in2DMode":false,"pivot":{"x":-0.5099730491638184,"y":2.569999933242798,"z":-20.12803077697754},"rotation":{"x":-0.2444394826889038,"y":-0.4963862895965576,"z":0.14801380038261414,"w":-0.8197206854820252},"size":0.00005634145418298431,"orthographic":true}