{"cameraMode":{"drawMode":0,"name":"Shaded","section":"Shading Mode"},"sceneLighting":false,"audioPlay":false,"sceneViewState":{"showFog":true,"showMaterialUpdate":true,"showSkybox":true,"showFlares":true,"showImageEffects":true,"showParticleSystems":true},"in2DMode":false,"pivot":{"x":-13.213133811950684,"y":6.916531562805176,"z":10.005898475646973},"rotation":{"x":-0.1611708104610443,"y":0.6665301322937012,"z":-0.15086986124515534,"w":-0.7120391726493836},"size":150.4808349609375,"orthographic":true}