{"cameraMode":{"drawMode":0,"name":"Shaded","section":"Shading Mode"},"sceneLighting":false,"audioPlay":false,"sceneViewState":{"showFog":true,"showMaterialUpdate":true,"showSkybox":false,"showFlares":true,"showImageEffects":true,"showParticleSystems":true},"in2DMode":false,"pivot":{"x":738.7615356445313,"y":560.8548583984375,"z":-291.3562316894531},"rotation":{"x":-0.050374872982501987,"y":0.8438467383384705,"z":-0.08049279451370239,"w":-0.5281155705451965},"size":282.0904235839844,"orthographic":true}