{"cameraMode":{"drawMode":0,"name":"Shaded","section":"Shading Mode"},"sceneLighting":false,"audioPlay":false,"sceneViewState":{"showFog":true,"showMaterialUpdate":true,"showSkybox":true,"showFlares":true,"showImageEffects":true,"showParticleSystems":true},"in2DMode":false,"pivot":{"x":6.15000057220459,"y":1.8800010681152344,"z":-32.5},"rotation":{"x":-0.2444394826889038,"y":-0.4963862895965576,"z":0.14801380038261414,"w":-0.8197206854820252},"size":29.026046752929689,"orthographic":true}