{"cameraMode":{"drawMode":0,"name":"Shaded","section":"Shading Mode"},"sceneLighting":false,"audioPlay":false,"sceneViewState":{"showFog":true,"showMaterialUpdate":true,"showSkybox":true,"showFlares":true,"showImageEffects":true,"showParticleSystems":true},"in2DMode":false,"pivot":{"x":74.83296203613281,"y":-55.063720703125,"z":145.5921630859375},"rotation":{"x":-0.13395057618618012,"y":-0.42000049352645876,"z":0.06283258646726608,"w":-0.8953819870948792},"size":500.7034606933594,"orthographic":false}