{"cameraMode":{"drawMode":0,"name":"Shaded","section":"Shading Mode"},"sceneLighting":false,"audioPlay":false,"sceneViewState":{"showFog":true,"showMaterialUpdate":true,"showSkybox":true,"showFlares":true,"showImageEffects":true,"showParticleSystems":true},"in2DMode":false,"pivot":{"x":0.020524591207504274,"y":0.0,"z":-0.022130221128463746},"rotation":{"x":-0.24688370525836945,"y":0.5306267142295837,"z":-0.16501449048519135,"w":-0.7938854098320007},"size":2.103046178817749,"orthographic":false}