{"cameraMode":{"drawMode":0,"name":"Shaded","section":"Shading Mode"},"sceneLighting":false,"audioPlay":false,"sceneViewState":{"showFog":true,"showMaterialUpdate":true,"showSkybox":true,"showFlares":true,"showImageEffects":true,"showParticleSystems":true},"in2DMode":false,"pivot":{"x":-0.6312896013259888,"y":63.70450973510742,"z":-4.884808540344238},"rotation":{"x":0.12269015610218048,"y":-6.152411025084348e-9,"z":-4.797385599886184e-9,"w":0.9924450516700745},"size":419.1127624511719,"orthographic":false}