{"cameraMode":{"drawMode":0,"name":"Shaded","section":"Shading Mode"},"sceneLighting":false,"audioPlay":false,"sceneViewState":{"showFog":true,"showMaterialUpdate":false,"showSkybox":true,"showFlares":true,"showImageEffects":true,"showParticleSystems":true},"in2DMode":false,"pivot":{"x":-12.286688804626465,"y":1.8160395622253419,"z":0.46571892499923708},"rotation":{"x":0.0900542363524437,"y":-0.5629604458808899,"z":0.06190548092126846,"w":0.8192273378372192},"size":117.73138427734375,"orthographic":true}