{"cameraMode":{"drawMode":0,"name":"Shaded","section":"Shading Mode"},"sceneLighting":false,"audioPlay":false,"sceneViewState":{"m_AlwaysRefresh":false,"showFog":true,"showSkybox":true,"showFlares":true,"showImageEffects":true,"showParticleSystems":true,"showVisualEffectGraphs":true,"m_FxEnabled":true},"in2DMode":false,"pivot":{"x":-3.3372278213500978,"y":95.406982421875,"z":260.32696533203127},"rotation":{"x":0.009650975465774536,"y":0.9751579761505127,"z":-0.21734078228473664,"w":0.04259175807237625},"size":55.66487503051758,"orthographic":true}