{"cameraMode":{"drawMode":0,"name":"Shaded","section":"Shading Mode"},"sceneLighting":false,"audioPlay":false,"sceneViewState":{"m_AlwaysRefresh":false,"showFog":true,"showSkybox":false,"showFlares":true,"showImageEffects":true,"showParticleSystems":true,"showVisualEffectGraphs":true,"m_FxEnabled":true},"in2DMode":false,"pivot":{"x":10.650240898132325,"y":54.67176055908203,"z":-5.6157379150390629},"rotation":{"x":-0.18936416506767274,"y":-0.07652305066585541,"z":0.014801345765590668,"w":-0.9788221120834351},"size":37.667659759521487,"orthographic":false}